Dividend Yield;Ultimo Rendimento;Patrimonio Liquido;Valor Patrimonial por Cota;Site;Codigo;Tipo do FII;Registro CVM;Numero de Cotas;Numero de Cotistas;Ticker;Administrador;Cotacao Atual;Min. 52 semanas;Max. 52 semanas;Valorizacao;P/VP
0,07%;0.05;R$1,08 B;88.31;www.riobravo.com.br;FII ABC IMOB;Tijolo: Shoppings;15/05/1996;12203833.0;20012.0;ABCP11;Rio Bravo Investimentos;75.1;72.27;93.99;10,60%;0.8504133167251726
0,93%;1.07;R$122,17 M;102.9;www.cmcapitalmarkets.com.br;FII AFINVCR;Papel: CRIs;05/09/2019;1187269.0;1443.0;AFCR11;CM Capital Markets;115.4;91.0;124.99;15,43%;1.121477162293489
0,00%;0.0;R$171,70 M;96.05;www.btgpactual.com;FII AFHI CRI;Papel: CRIs;20/10/2020;1787671.0;3172.0;AFHI11;BTG Pactual;97.0;88.0;100.99;0,78%;1.0098906819364915
0,00%;0.0;R$39,06 M;106.39;www.brltrust.com.br;FII ALIANZFF;Papel: Fundo de Fundos;22/01/2020;367124.0;62.0;AFOF11;BRL Trust DTVM;181.8;100.0;184.18;65,27%;1.7088072187235643
0,64%;0.57;R$483,60 M;100.23;www.modal.com.br;FII AUTONOMY;Tijolo: Escritórios;24/08/2020;4824987.0;2892.0;AIEC11;Modal DTVM;89.01;86.0;99.98;6,79%;0.8880574678240049
0,03%;0.37;R$229,39 M;2063.27;www.btgpactual.com;FII TORRE AL;Tijolo: Escritórios;03/01/2006;111177.0;3499.0;ALMI11;BTG Pactual;1113.99;1050.01;1451.0;19,28%;0.5399147954460638
0,47%;0.61;R$459,18 M;102.51;www.btgpactual.com;FII ALIANZA;Tijolo: Híbrido;20/10/2017;4479484.0;85800.0;ALZR11;BTG Pactual;128.84;103.01;140.0;17,53%;1.2568529899521999
1,10%;37.53;R$1,50 B;3323.42;https://www.genialinvestimentos.com.br/;FII ANCAR IC;Tijolo: Shoppings;11/04/2011;451113.0;55.0;ANCR11B;Genial Investimentos Corretora de Valores;3400.0;2950.0;4000.0;14,09%;1.0230425284796987
0,00%;0.0;R$146,42 M;1490.66;www.indigodtvm.com.br;FII AQUILLA;Papel: Fundo de Fundos;09/11/2011;98222.0;37.0;AQLL11;Índigo Investimentos DTVM;399.93;384.01;500.0;20,01%;0.2682905558611622
2,02%;2.31;R$42,24 M;97.31;www.btgpactual.com;FII ARCTIUM;Tijolo: Galpões;31/07/2017;434100.0;4043.0;ARCT11;BTG Pactual;114.5;93.5;152.0;15,66%;1.176651937108211
0,00%;0.0;R$135,56 M;1188.55;www.indigodtvm.com.br;FII AQUIL RD;Tijolo: Galpões;15/08/2011;114054.0;28.0;ARFI11B;Índigo Investimentos DTVM;1109.0;1109.0;1109.0;0,00%;0.9330697067855791
1,07%;1.15;R$37,84 M;96.44;www.oliveiratrust.com.br;FII ATRIO;Papel: CRIs;01/07/2019;392374.0;2522.0;ARRI11;Oliveira Trust;106.75;73.0;108.0;27,84%;1.1069058481957694
0,00%;0.28;R$71,93 M;77.44;www.rjicv.com.br;FII HAZ;Tijolo: Escritórios;12/11/2004;928908.0;33.0;ATCR11;RJI CTVM LTDA;0.0;0.0;0.0;0,00%;0.0
0,23%;0.25;R$173,15 M;98.88;www.hedgeinvest.com.br;FII HATRIUM;Tijolo: Shoppings;13/12/2010;1751141.0;259.0;ATSA11;Hedge Investments DTVM LTDA;109.97;98.0;138.29;16,06%;1.112156148867314
1,01%;1.1;R$470,32 M;101.49;www.oliveiratrust.com.br;FII BARIGUI;Papel: CRIs;05/07/2018;4634191.0;25711.0;BARI11;Oliveira Trust;109.0;89.0;117.12;17,61%;1.0739974381712485
1,22%;30.0;R$328,17 M;2524.36;www.btgpactual.com;FII BB PROGR;Tijolo: Escritórios;26/07/2004;130000.0;7694.0;BBFI11B;BTG Pactual;2455.03;1751.02;2699.5;5,58%;0.9725356129870542
0,55%;0.5;R$379,93 M;94.89;www.bb.com.br/bbdtvm;FII BB FOF;Papel: Fundo de Fundos;26/10/2020;4003900.0;3729.0;BBFO11;BB Gestão de Recursos;91.52;91.0;101.2;8,11%;0.9644851933818105
0,00%;0.5;R$63,33 M;61.19;www.bb.com.br/bbdtvm;FII BB RECIM;Papel: CRIs;12/09/2014;1035000.0;20.0;BBIM11;BB Gestão de Recursos;0.0;0.0;0.0;0,00%;0.0
0,94%;1.08;R$1,60 B;100.62;www.vam.com.br;FII BB PRGII;Tijolo: Bancário;30/09/2011;15919690.0;65715.0;BBPO11;Votorantim Asset Management;114.95;111.02;164.0;20,72%;1.1424170145100376
0,81%;0.94;R$179,02 M;112.59;www.vam.com.br;FII BB CORP;Tijolo: Bancário;29/12/2010;1590000.0;8524.0;BBRC11;Votorantim Asset Management;115.43;113.99;162.99;15,93%;1.0252242650324186
0,65%;0.56;R$1,71 B;83.21;www.btgpactual.com;FII BC FFII;Papel: Fundo de Fundos;27/08/2009;20562973.0;270818.0;BCFF11;BTG Pactual;86.04;81.5;95.88;0,05%;1.0340103352962386
0,63%;0.64;R$420,27 M;113.01;www.bradesco.com.br;FII BCIA;Papel: Fundo de Fundos;03/11/2014;3719038.0;13533.0;BCIA11;Banco Bradesco;102.04;100.03;200.0;42,83%;0.9029289443412087
0,98%;1.15;R$472,15 M;107.31;www.brltrust.com.br;FII BEES CRI;Papel: CRIs;28/04/2015;4400000.0;37258.0;BCRI11;BRL Trust DTVM;116.82;103.1;118.68;8,18%;1.088621750069891
0,30%;0.28;R$49,34 M;98.67;https://www.bancointer.com.br/inter-dtvm/;FII INTER;Papel: CRIs;05/07/2019;500000.0;636.0;BICR11;Inter DTVM;92.8;88.99;114.04;7,67%;0.940508766595723
0,66%;0.68;R$195,04 M;101.49;www.btgpactual.com;FII BLUECAP;Tijolo: Galpões;27/01/2020;1921804.0;173.0;BLCP11;BTG Pactual;102.46;95.11;109.99;2,42%;1.0095575918809734
0,69%;0.73;R$189,04 M;99.5;www.vortxbr.com;FII BLUE LOG;Tijolo: Galpões;13/11/2019;1900000.0;142.0;BLMG11;Vórtx DTVM LTDA;104.99;101.0;110.0;2,61%;1.055175879396985
0,00%;0.0;R$98,32 M;25894.77;www.brltrust.com.br;FII BLUEMAC;Tijolo: Escritórios;04/12/2019;3797.0;96.0;BLMO11;BRL Trust DTVM;26004.5;26004.5;26004.5;0,00%;1.0042375352242943
0,61%;0.55;R$243,58 M;95.37;www.brltrust.com.br;FII BLUE FOF;Papel: Fundo de Fundos;04/08/2020;2554163.0;3745.0;BLMR11;BRL Trust DTVM;90.0;84.59;98.0;7,22%;0.9436929852154765
0,00%;0.23;R$69,62 M;497.27;www.riobravo.com.br;FII BRASILIO;Tijolo: Escritórios;18/08/1997;140000.0;12.0;BMII11;Rio Bravo Investimentos;0.0;0.0;0.0;0,00%;0.0
0,55%;0.51;R$106,68 M;106.85;www.btgpactual.com;FII BMBRC LC;Tijolo: Escritórios;21/09/2011;998405.0;1615.0;BMLC11;BTG Pactual;93.27;84.0;105.5;7,19%;0.8729059429106224
0,82%;1.0;R$71,87 M;102.67;www.oliveiratrust.com.br;FII BANRISUL;Tijolo: Bancário;09/05/2012;700000.0;3403.0;BNFS11;Oliveira Trust;121.7;116.8;135.01;0,16%;1.1853511249634752
0,73%;0.57;R$382,33 M;85.11;https://www.genialinvestimentos.com.br/;FII ABSOLUTO;Papel: Fundo de Fundos;11/12/2012;4492326.0;18265.0;BPFF11;Genial Investimentos Corretora de Valores;77.6;75.78;98.08;18,32%;0.9117612501468687
0,69%;0.61;R$593,27 M;137.81;www.btgpactual.com;FII BTG SHOP;Tijolo: Shoppings;22/07/2019;4305079.0;906.0;BPML11;BTG Pactual;88.21;84.0;115.0;9,05%;0.6400841738625643
0,73%;0.79;R$145,78 M;108.0;www.btgpactual.com;FII BRLPROP;Tijolo: Galpões;07/03/2018;1349837.0;179.0;BPRP11;BTG Pactual;108.25;90.0;144.99;1,17%;1.0023148148148149
0,49%;0.54;R$1,60 B;108.45;www.oliveiratrust.com.br;FII BRESCO;Tijolo: Galpões;13/07/2016;14778781.0;29012.0;BRCO11;Oliveira Trust;109.35;108.6;133.0;4,91%;1.008298755186722
0,54%;0.46;R$2,86 B;107.4;www.btgpactual.com;FII BC FUND;Tijolo: Escritórios;21/05/2007;26638202.0;125632.0;BRCR11;BTG Pactual;84.54;81.05;99.5;11,01%;0.7871508379888268
0,40%;0.43;R$98,95 M;106.02;www.brcapital.com.br;FII BRE VIC;Tijolo: Escritórios;22/09/2016;933314.0;76.0;BREV11;BR-CAPITAL;107.77;95.0;128.0;0,72%;1.0165063195623467
0,00%;0.86;R$152,32 M;82.71;www.bnymellon.com.br;FII BRHOTEIS;Tijolo: Hotéis;18/12/2012;1841677.0;11.0;BRHT11B;BNY Mellon;0.0;0.0;0.0;0,00%;0.0
0,00%;0.0;R$122,90 M;990.02;www.brltrust.com.br;FII BRIO II;Tijolo: Desenvolvimento;23/12/2015;124137.0;121.0;BRIM11;BRL Trust DTVM;1019.72;910.0;1019.72;12,06%;1.0299993939516374
0,00%;0.0;R$66,59 M;989.92;www.brltrust.com.br;FII BRIO III;Tijolo: Desenvolvimento;08/07/2020;67266.0;222.0;BRIP11;BRL Trust DTVM;1010.0;1000.0;1400.0;1,00%;1.0202844674317118
0,00%;0.97;R$122,51 M;125.49;www.btgpactual.com;FII BRLPROII;Tijolo: Galpões;24/07/2020;976213.0;84.0;BRLA11;BTG Pactual;0.0;0.0;0.0;0,00%;0.0
0,34%;0.35;R$599,48 M;100.2;www.btgpactual.com;FII BTG AGRO;Tijolo: Outros;22/01/2021;5982736.0;9390.0;BTAL11;BTG Pactual;104.02;99.51;107.12;1,88%;1.03812375249501
0,69%;0.65;R$465,03 M;96.68;www.btgpactual.com;FII BTG CRI;Papel: CRIs;01/03/2018;4810097.0;7904.0;BTCR11;BTG Pactual;93.89;78.86;96.4;10,46%;0.9711419114604881
0,56%;0.63;R$1,31 B;100.88;www.btgpactual.com;FII BTLG;Tijolo: Galpões;16/04/2010;12984501.0;92006.0;BTLG11;BTG Pactual;111.95;84.99;119.0;20,39%;1.1097343378271214
13,19%;13.19;R$687,49 M;1099.03;www.riobravo.com.br;FII B VAREJO;Tijolo: Varejo;27/10/2014;625540.0;69.0;BVAR11;Rio Bravo Investimentos;100.01;0.0;0.0;0,00%;0.09099842588464374
0,00%;0.0;R$438,44 M;11.54;www.indigodtvm.com.br;FII BRREALTY;Híbrido (Tijolo/Papel);30/11/-0001;38004865.0;31.0;BZLI11;Índigo Investimentos DTVM;14.8;12.56;18.86;2,70%;1.2824956672443675
0,25%;0.0;R$289,23 M;1.62;www.fiduciario.com.br;FII DEA CARE;Tijolo: Outros;12/12/2011;178866845.0;10624.0;CARE11;Planner Trustee DTVM LTDA;0.57;0.52;0.99;35,23%;0.3518518518518518
0,67%;0.49;R$128,45 M;90.78;www.cshg.com.br;FII C BRANCO;Tijolo: Escritórios;17/12/2012;1415000.0;3998.0;CBOP11;Credit Suisse Hedging-Griffo;72.99;69.37;81.5;1,99%;0.8040317250495703
0,64%;0.45;R$157,36 M;86.67;www.btgpactual.com;FII CEO CCP;Tijolo: Escritórios;04/10/2012;1815696.0;7116.0;CEOC11;BTG Pactual;70.54;67.01;95.98;8,98%;0.8138917733933311
0,00%;0.0;R$75,31 M;995.06;www.vortxbr.com;FII CF2;Tijolo: Desenvolvimento;23/09/2019;75680.0;54.0;CFHI11;Vórtx DTVM LTDA;0.0;0.0;0.0;0,00%;0.0
0,53%;0.33;R$182,93 M;67.5;www.hedgeinvest.com.br;FII CJCTOWER;Tijolo: Escritórios;15/12/2010;2710000.0;1640.0;CJCT11;Hedge Investments DTVM LTDA;62.0;53.2;68.98;3,40%;0.9185185185185185
0,18%;0.08;R$270,78 M;91.81;www.btgpactual.com;FII CENESP;Tijolo: Escritórios;06/04/2011;2949248.0;2673.0;CNES11;BTG Pactual;42.12;42.0;80.4;38,06%;0.45877355407907633
0,90%;0.75;R$332,34 M;83.63;www.btgpactual.com;FII CAP REIT;Papel: Fundo de Fundos;03/12/2019;3973771.0;10834.0;CPFF11;BTG Pactual;83.38;73.11;86.0;0,39%;0.9970106421140739
0,99%;1.01;R$1,75 B;95.11;www.btgpactual.com;FII CAPI SEC;Papel: CRIs;13/08/2014;18378741.0;75378.0;CPTS11;BTG Pactual;102.1;90.02;107.8;4,93%;1.0734938492272106
0,63%;0.5;R$63,93 M;92.64;www.caixa.gov.br;FII CX RBRA2;Papel: Fundo de Fundos;05/11/2018;690040.0;1803.0;CRFF11;Caixa Econômica Federal;79.96;75.0;94.0;5,26%;0.8631260794473229
0,18%;0.05;R$125,47 M;48.36;www.riobravo.com.br;FII C TEXTIL;Tijolo: Outros;01/08/1995;2594279.0;4531.0;CTXT11;Rio Bravo Investimentos;28.47;27.8;54.99;36,80%;0.5887096774193549
0,81%;0.85;R$596,13 M;100.07;www.brltrust.com.br;FII VBI CRI;Papel: CRIs;11/10/2017;5956926.0;28534.0;CVBI11;BRL Trust DTVM;105.45;79.0;111.41;24,63%;1.0537623663435596
1,02%;0.92;R$139,00 M;81.14;www.caixa.gov.br;FII CX CEDAE;Tijolo: Escritórios;11/08/2009;1712950.0;2606.0;CXCE11B;Caixa Econômica Federal;90.43;74.57;109.87;0,84%;1.114493468079862
0,00%;0.0;R$392,06 M;99.9;www.vortxbr.com;FII CEF CORP;Tijolo: Escritórios;10/12/2020;3924500.0;13788.0;CXCO11;Vórtx DTVM LTDA;105.5;103.02;109.89;0,24%;1.056056056056056
0,62%;0.6;R$148,67 M;94.35;www.caixa.gov.br;FII CX RBRAV;Papel: Fundo de Fundos;24/12/2012;1575760.0;3054.0;CXRI11;Caixa Econômica Federal;96.2;93.43;194.0;22,04%;1.019607843137255
0,91%;2.73;R$33,98 M;634.05;www.caixa.gov.br;FII CX TRX;Tijolo: Galpões;04/11/2010;53597.0;561.0;CXTL11;Caixa Econômica Federal;300.0;260.02;424.99;0,00%;0.4731488052992667
0,00%;0.0;R$104,81 M;0.94;www.modal.com.br;FII DIAMANTE;Tijolo: Shoppings;30/11/-0001;111410089.0;51.0;DAMT11B;Banco Modal S.A.;2.84;2.84;2.84;0,00%;3.021276595744681
1,34%;1.54;R$630,49 M;98.7;www.vortxbr.com;FII DEVANT;Papel: CRIs;02/07/2020;6387803.0;18289.0;DEVA11;Vórtx DTVM LTDA;114.71;112.0;170.0;17,78%;1.162208713272543
143,10%;29.05;R$16,79 M;107.58;www.oliveiratrust.com.br;FII MAC;Tijolo: Desenvolvimento;27/07/2018;156108.0;1191.0;DMAC11;Oliveira Trust;20.3;18.2;431.0;94,93%;0.18869678378880833
0,94%;8.72;R$58,64 M;941.66;www.bnymellon.com.br;FII DOVEL;Tijolo: Escritórios;28/11/2008;62278.0;7.0;DOVL11B;BNY Mellon;931.32;931.32;931.32;0,00%;0.989019391287726
0,32%;0.36;R$60,80 M;131.23;https://www.daycoval.com.br/Asset/?lang=ptbr;FII MTGESTAO;Tijolo: Escritórios;09/12/2008;463277.0;300.0;DRIT11B;Banco Daycoval S.A.;112.0;106.0;160.0;9,53%;0.8534633848967462
0,52%;1.31;R$50,40 M;213.56;www.oliveiratrust.com.br;FII OURINVES;Tijolo: Escritórios;27/07/2004;236000.0;608.0;EDFO11B;Oliveira Trust;253.58;237.01;278.95;2,73%;1.187394643191609
0,56%;0.15;R$300,07 M;78.72;www.btgpactual.com;FII GALERIA;Tijolo: Escritórios;28/03/2012;3812055.0;7629.0;EDGA11;BTG Pactual;26.45;25.86;39.0;27,93%;0.3360010162601626
0,11%;1.2;R$973,29 M;1236.31;www.riobravo.com.br;FII ELDORADO;Tijolo: Shoppings;04/03/2011;787256.0;61.0;ELDO11B;Rio Bravo Investimentos;1104.31;0.0;0.0;0,00%;0.8932306622125519
1,40%;1262.16;R$222,67 M;93717.97;www.oliveiratrust.com.br;FII ESTOQ RJ;Tijolo: Desenvolvimento;30/09/2020;2376.0;13.0;ERCR11;Oliveira Trust;90000.0;90000.0;90000.0;0,00%;0.9603280992962182
0,00%;0.0;R$51,94 M;104.69;www.oliveiratrust.com.br;FII EUROPA;Tijolo: Escritórios;25/02/2019;496110.0;9.0;ERPA11;Oliveira Trust;140.0;112.0;155.0;12,90%;1.3372814977552776
0,65%;1.35;R$108,78 M;283.32;www.coinvalores.com.br;FII EUROPAR;Tijolo: Galpões;03/12/2002;383936.0;2317.0;EURO11;COINVALORES;206.94;150.0;255.0;29,34%;0.7304108428631936
0,62%;0.64;R$105,84 M;97.78;www.brltrust.com.br;FII VBI CON;Tijolo: Outros;27/09/2019;1082460.0;71.0;EVBI11;BRL Trust DTVM;103.77;97.51;119.99;5,66%;1.0612599713642872
0,67%;1.12;R$137,33 M;213.86;www.btgpactual.com;FII ANH EDUC;Tijolo: Educacional;27/08/2009;642168.0;5150.0;FAED11;BTG Pactual;165.99;154.01;234.9;17,09%;0.7761619751239128
0,75%;9.16;R$366,29 M;3495.09;www.btgpactual.com;FII ALMIRANT;Tijolo: Escritórios;06/03/2003;104800.0;3820.0;FAMB11B;BTG Pactual;1215.99;1150.02;3699.99;60,65%;0.3479137876277864
0,67%;0.66;R$55,63 M;100.34;www.brcapital.com.br;FII ATHENA I;Tijolo: Escritórios;28/05/2018;554371.0;192.0;FATN11;BR-CAPITAL;98.1;90.0;110.0;2,44%;0.9776759019334262
0,55%;0.61;R$352,27 M;101.4;www.btgpactual.com;FII CAMPUSFL;Tijolo: Educacional;18/02/2010;3474009.0;4568.0;FCFL11;BTG Pactual;109.99;100.22;120.5;3,34%;1.0847140039447731
1,07%;1.02;R$327,80 M;95.79;www.btgpactual.com;FII EXCELLEN;Papel: CRIs;10/04/2008;3421945.0;11230.0;FEXC11;BTG Pactual;95.16;87.9;111.0;7,16%;0.9934231130598182
0,17%;0.1;R$268,69 M;94.28;www.hedgeinvest.com.br;FII GEN SHOP;Tijolo: Shoppings;04/02/2013;2850000.0;18343.0;FIGS11;Hedge Investments DTVM LTDA;57.92;53.89;69.15;2,66%;0.6143402630462452
0,62%;3.1;R$303,12 M;442.51;www.coinvalores.com.br;FII INDL BR;Tijolo: Galpões;29/07/2011;685000.0;17754.0;FIIB11;COINVALORES;498.98;440.0;555.89;2,16%;1.1276129353008972
0,64%;1.28;R$179,06 M;193.12;www.oliveiratrust.com.br;FII RB CAP I;Tijolo: Galpões;23/03/2007;927162.0;8830.0;FIIP11B;Oliveira Trust;199.19;165.06;220.0;15,75%;1.0314312344656171
0,00%;0.06;R$83,01 M;101.22;www.fiduciario.com.br;FII INFRA RE;Tijolo: Galpões;04/10/2013;820113.0;4.0;FINF11;Planner Trustee DTVM LTDA;0.0;0.0;0.0;0,00%;0.0
0,12%;0.19;R$247,73 M;157.13;www.brcapital.com.br;FII SC 401;Tijolo: Escritórios;11/05/2012;1576580.0;66.0;FISC11;BR-CAPITAL;165.0;160.89;165.0;2,56%;1.05008591612041
0,00%;0.0;R$122,22 M;113.95;www.rjicv.com.br;FII DOMINGOS;Papel: CRIs;09/04/2014;1072588.0;25.0;FISD11;RJI CTVM LTDA;203.32;0.0;0.0;0,00%;1.7842913558578324
0,00%;0.0;R$64,86 M;6.89;www.oliveiratrust.com.br;FII VIDANOVA;Tijolo: Shoppings;01/07/2014;9412630.0;2563.0;FIVN11;Oliveira Trust;3.14;2.99;16.01;46,32%;0.4557329462989841
0,92%;0.95;R$50,60 M;101.2;www.brltrust.com.br;FII FL RECEB;Papel: CRIs;04/09/2019;500000.0;92.0;FLCR11;BRL Trust DTVM;103.47;93.0;106.0;1,46%;1.0224308300395257
0,43%;0.01;R$214,86 M;3.11;www.brcapital.com.br;FII S F LIMA;Tijolo: Escritórios;09/11/2000;69033500.0;72805.0;FLMA11;BR-CAPITAL;2.74;2.68;3.7;8,67%;0.8810289389067525
0,43%;5.65;R$108,31 M;1660.38;www.btgpactual.com;FII FLORIPA;Tijolo: Shoppings;03/09/2009;65232.0;980.0;FLRP11;BTG Pactual;1300.15;1260.01;1476.94;3,69%;0.78304364061239
0,88%;0.65;R$67,14 M;132.17;www.coinvalores.com.br;FII MEMORIAL;Tijolo: Escritórios;09/12/1996;508008.0;367.0;FMOF11;COIN DTVM;73.89;70.0;103.36;10,13%;0.5590527351138685
0,44%;1.2;R$336,20 M;448.26;www.coinvalores.com.br;FII A BRANCA;Tijolo: Escritórios;01/05/1998;750000.0;991.0;FPAB11;COIN DTVM;274.0;255.0;340.0;13,11%;0.6112523981617811
0,52%;0.52;R$165,20 M;166.78;www.brcapital.com.br;FII P NEGRA;Tijolo: Escritórios;16/01/2013;990500.0;50.0;FPNG11;BR-CAPITAL;100.0;0.0;0.0;0,00%;0.599592277251469
2,62%;77.42;R$2,33 B;2663.6;www.bnymellon.com.br;FII OPPORTUN;Híbrido (Tijolo/Papel);28/02/1996;876521.0;57.0;FTCE11B;BNY Mellon;2950.01;2445.0;2950.01;20,65%;1.1075274065174951
18,78%;30.0;R$0,00 ;0.0;www.btgpactual.com;FII VBI 4440;Tijolo: Escritórios;23/09/2010;0.0;0.0;FVBI11;BTG Pactual;159.71;135.01;159.71;14,32%;inf
1,00%;1.4;R$550,32 M;196.53;www.riobravo.com.br;FII V PARQUE;Tijolo: Shoppings;06/11/1995;2800149.0;5267.0;FVPQ11;Rio Bravo Investimentos;140.0;135.05;176.99;8,91%;0.712359436218389
0,75%;0.84;R$571,56 M;101.83;www.brltrust.com.br;FII GUARDIAN;Tijolo: Galpões;20/07/2020;5613031.0;3023.0;GALG11;BRL Trust DTVM;112.0;105.0;117.9;1,67%;1.0998723362466856
0,94%;0.92;R$32,94 M;97.27;www.btgpactual.com;FII GALAPAGO;Papel: Fundo de Fundos;01/04/2020;338598.0;1268.0;GCFF11;BTG Pactual;97.53;93.0;117.3;3,20%;1.0026729721394059
0,00%;0.0;R$83,64 M;101.8;www.btgpactual.com;FII GLPG CRI;Papel: CRIs;02/12/2020;821614.0;75.0;GCRI11;BTG Pactual;102.0;100.11;104.0;1,92%;1.0019646365422397
0,57%;8.7;R$70,35 M;1352.81;www.oliveiratrust.com.br; FII GEN SEV;Tijolo: Educacional;04/05/2016;52000.0;55.0;GESE11B;Oliveira Trust;1520.0;1520.0;1520.0;0,00%;1.1235871999763456
0,56%;0.68;R$965,94 M;124.5;www.cmcapitalmarkets.com.br;FII GGRCOVEP;Tijolo: Galpões;11/01/2017;7758429.0;91780.0;GGRC11;CM Capital Markets;121.29;117.3;152.97;1,08%;0.9742168674698796
36,08%;52.5;R$6,41 M;5.97;www.hedgeinvest.com.br;FII LOUVEIRA;Tijolo: Galpões;22/01/2013;1073530.0;2604.0;GRLV11;Hedge Investments DTVM LTDA;145.5;113.01;149.9;22,89%;24.371859296482413
0,02%;0.0;R$953,24 M;13.92;www.fiduciario.com.br;FII GENERAL;Tijolo: Shoppings;08/04/2010;68482196.0;5391.0;GSFI11;Planner Trustee DTVM LTDA;3.98;2.16;4.45;53,67%;0.2859195402298851
0,63%;0.67;R$1,21 B;100.8;www.vam.com.br;FII G TOWERS;Tijolo: Escritórios;05/11/2015;12000000.0;26918.0;GTWR11;Votorantim Asset Management;105.69;102.02;120.01;3,03%;1.0485119047619047
0,51%;0.52;R$263,85 M;97.36;www.hedgeinvest.com.br;FII HEDGEAAA;Tijolo: Escritórios;17/04/2017;2710000.0;61.0;HAAA11;Hedge Investments DTVM LTDA;101.52;99.5;110.0;1,52%;1.0427280197206243
1,26%;1.5;R$547,29 M;101.12;www.vortxbr.com;FII HABIT II;Papel: CRIs;09/05/2019;5412107.0;24987.0;HABT11;Vórtx DTVM LTDA;119.47;89.36;125.88;26,62%;1.1814675632911391
0,70%;0.67;R$245,82 M;109.46;www.brltrust.com.br;FII MULT REN;Tijolo: Escritórios;17/08/2018;2245672.0;829.0;HBRH11;BRL Trust DTVM;96.04;94.5;110.0;3,97%;0.8773981363054998
0,65%;2.96;R$60,63 M;303.13;www.btgpactual.com;FII CRIANCA;Tijolo: Hospital;02/10/2000;200000.0;3229.0;HCRI11;BTG Pactual;456.0;388.99;549.98;10,14%;1.5043050836274865
0,00%;0.0;R$25,45 M;107.42;www.vortxbr.com;FII HECT DES;Tijolo: Shoppings;30/11/-0001;236943.0;72.0;HCST11;Vórtx DTVM LTDA;102.0;98.07;102.0;3,02%;0.949543846583504
1,36%;2.0;R$827,69 M;115.63;www.vortxbr.com;FII HECTARE;Papel: CRIs;15/09/2018;7157943.0;78459.0;HCTR11;Vórtx DTVM LTDA;146.95;107.1;161.8;29,99%;1.2708639626394533
0,56%;0.56;R$2,08 B;96.42;www.hedgeinvest.com.br;FII HTOPFOF3;Papel: Fundo de Fundos;19/10/2017;21547000.0;65930.0;HFOF11;Hedge Investments DTVM LTDA;100.0;96.02;118.2;0,70%;1.0371292263015972
0,20%;0.4;R$2,20 B;220.02;www.hedgeinvest.com.br;FII HEDGEBS;Tijolo: Shoppings;28/12/2006;10000000.0;81787.0;HGBS11;Hedge Investments DTVM LTDA;202.3;187.51;225.0;4,12%;0.9194618671029906
0,63%;0.68;R$1,30 B;104.67;www.cshg.com.br;FII CSHG CRI;Papel: CRIs;13/01/2010;12372450.0;60062.0;HGCR11;Credit Suisse Hedging-Griffo;108.75;95.9;110.0;7,51%;1.0389796503296074
0,61%;0.55;R$277,32 M;96.84;www.cshg.com.br;FII CSHG FOF;Papel: Fundo de Fundos;20/02/2019;2863597.0;8507.0;HGFF11;Credit Suisse Hedging-Griffo;89.74;82.51;109.48;2,19%;0.926683188764973
0,00%;0.0;R$13,14 M;102.39;www.vortxbr.com;FII HGI CRI;Papel: CRIs;06/11/2020;128339.0;7.0;HGIC11;Vórtx DTVM LTDA;105.5;104.0;106.0;0,00%;1.0303740599667937
0,46%;0.78;R$2,71 B;146.94;www.cshg.com.br;FII CSHG LOG;Tijolo: Galpões;08/06/2010;18436967.0;277168.0;HGLG11;Credit Suisse Hedging-Griffo;171.25;158.01;197.0;5,90%;1.165441676874915
0,45%;1.01;R$401,91 M;243.58;www.cshg.com.br;FII CSHGPRIM;Tijolo: Escritórios;11/11/2009;1650000.0;9786.0;HGPO11;Credit Suisse Hedging-Griffo;223.0;193.0;233.0;12,06%;0.9155103046227112
0,48%;0.67;R$2,00 B;169.21;www.cshg.com.br;FII HG REAL;Tijolo: Escritórios;06/05/2008;11817767.0;109801.0;HGRE11;Credit Suisse Hedging-Griffo;139.16;132.51;157.95;3,37%;0.8224100230482831
0,55%;0.68;R$2,17 B;117.77;www.cshg.com.br;FII CSHG URB;Tijolo: Educacional;14/02/2018;18406458.0;119937.0;HGRU11;Credit Suisse Hedging-Griffo;123.0;108.0;135.8;9,48%;1.0444085930202938
0,54%;0.63;R$509,25 M;119.82;www.hedgeinvest.com.br;FII HEDGELOG;Tijolo: Galpões;28/03/2017;4250000.0;3963.0;HLOG11;Hedge Investments DTVM LTDA;115.84;112.99;129.0;5,82%;0.9667835085962277
10,49%;23.8;R$91,22 M;238.79;www.hedgeinvest.com.br;FII HEDMOCA;Tijolo: Shoppings;01/12/2011;382017.0;209.0;HMOC11;Hedge Investments DTVM LTDA;226.95;171.02;236.62;14,62%;0.9504166841157502
0,70%;0.56;R$53,29 M;92.92;www.vortxbr.com;FII HOUSI;Tijolo: Outros;10/09/2019;573450.0;2184.0;HOSI11;Vórtx DTVM LTDA;80.9;70.85;100.0;5,40%;0.8706414119672837
0,04%;0.03;R$293,51 M;100.9;www.hedgeinvest.com.br;FII HEDGE RE;Tijolo: Shoppings;22/11/2019;2908813.0;366.0;HPDP11;Hedge Investments DTVM LTDA;81.95;76.01;95.0;2,73%;0.8121902874132805
0,00%;0.0;R$13,75 M;1.81;www.hedgeinvest.com.br;FII HREALTY;Tijolo: Desenvolvimento;29/12/2012;7587125.0;1042.0;HRDF11;Hedge Investments DTVM LTDA;1.7;1.44;4.0;15,42%;0.9392265193370165
0,77%;0.8;R$87,57 M;97.09;www.hedgeinvest.com.br;FII HEDGEREC;Papel: CRIs;21/11/2019;902000.0;165.0;HREC11;Hedge Investments DTVM LTDA;104.3;101.22;106.5;3,04%;1.074260994953136
1,09%;1.1;R$89,39 M;98.98;www.brltrust.com.br;FII HSI CRI;Papel: CRIs;15/06/2020;903158.0;2546.0;HSAF11;BRL Trust DTVM;101.0;88.12;104.0;6,30%;1.0204081632653061
0,55%;0.58;R$1,33 B;105.34;www.brltrust.com.br;FII HSI LOG;Tijolo: Galpões;20/02/2019;12660067.0;12848.0;HSLG11;BRL Trust DTVM;105.73;104.3;115.5;2,55%;1.0037022973229544
0,18%;0.16;R$1,53 B;97.15;https://www.s3dtvm.com.br;FII HSI MALL;Tijolo: Shoppings;07/03/2019;15780613.0;118070.0;HSML11 ;Santander Caceis Brasil DTVM;87.13;75.93;97.99;3,73%;0.8968605249613998
0,29%;0.27;R$826,77 M;97.06;www.brltrust.com.br;FII HSIRENDA;Tijolo: Híbrido;11/08/2006;8518064.0;15.0;HSRE11;BRL Trust DTVM;92.0;83.0;93.0;5,67%;0.9478672985781991
0,70%;0.71;R$164,51 M;130.88;www.btgpactual.com;FII HOTEL MX;Tijolo: Hotéis;13/02/2007;1257022.0;24778.0;HTMX11;BTG Pactual;101.5;99.05;154.01;12,69%;0.7755195599022006
0,55%;0.73;R$103,06 M;129.69;www.riobravo.com.br;FII H UNIMED;Tijolo: Hospital;09/11/2017;794613.0;632.0;HUSC11;Rio Bravo Investimentos;132.5;115.62;169.0;1,15%;1.0216670522014033
0,00%;0.0;R$95,54 M;951.96;www.planner.com.br;FII HUSI;Tijolo: Hospital;04/04/2018;100362.0;77.0;HUSI11;Planner Corretora de Valores;1040.0;980.0;1040.0;6,12%;1.092482877431825
0,55%;0.39;R$56,96 M;85.44;www.btgpactual.com;FII FOF BREI;Papel: Fundo de Fundos;30/11/-0001;666681.0;5440.0;IBFF11;BTG Pactual;71.35;68.6;84.6;7,33%;0.8350889513108614
0,72%;0.69;R$70,83 M;94.67;https://www.bancointer.com.br/inter-dtvm/;FII IFI-D;Papel: Fundo de Fundos;30/11/2020;748151.0;2075.0;IFID11;Inter DTVM;96.02;92.88;109.99;6,24%;1.0142600612654484
0,47%;0.45;R$80,94 M;89.88;https://www.bancointer.com.br/inter-dtvm/;FII IFI-E;Papel: Fundo de Fundos;19/02/2020;900494.0;6676.0;IFIE11;Inter DTVM;95.78;90.0;107.0;4,22%;1.0656430796617713
0,92%;1.28;R$2,02 B;100.85;www.btgpactual.com;FII IRIDIUM;Papel: CRIs;27/02/2018;20045101.0;147035.0;IRDM11;BTG Pactual;139.31;98.0;159.0;36,65%;1.3813584531482401
0,65%;0.62;R$145,08 M;96.68;http://www.bancogenial.com/;FII JFL LIV;Tijolo: Outros;30/11/-0001;1500598.0;1274.0;JFLL11;Banco Genial;95.4;87.0;99.94;1,49%;0.9867604468349193
1,05%;1.05;R$61,69 M;102.14;www.vortxbr.com;FII JPPMOGNO;Papel: CRIs;25/06/2018;603964.0;203.0;JPPA11;Vórtx DTVM LTDA;99.99;90.0;108.95;5,25%;0.9789504601527315
3,66%;14.73;R$25,19 M;457.95;http://finaxis.com.br/;FII JPP CAPI;Tijolo: Desenvolvimento;30/10/2012;55000.0;77.0;JPPC11;Banco Finaxis;402.0;0.0;0.0;0,00%;0.8778250900753357
0,48%;0.32;R$220,06 M;87.22;www.btgpactual.com;FII SHOPJSUL;Tijolo: Shoppings;02/01/2012;2522968.0;5618.0;JRDM11;BTG Pactual;67.27;62.51;82.0;8,10%;0.7712680577849117
0,57%;0.53;R$2,36 B;113.54;http://www.safraasset.com.br/imobiliarios/home.asp;FII JS REAL;Híbrido (Tijolo/Papel);23/02/2011;20767328.0;43343.0;JSRE11;Banco J. Safra;92.98;89.15;105.29;9,02%;0.8189184428395279
0,00%;1.63;R$23,55 M;109.7;www.planner.com.br;FII JT PREV;Tijolo: Desenvolvimento;19/09/2016;214675.0;9.0;JTPR11;Planner Corretora de Valores;0.0;0.0;0.0;0,00%;0.0
0,00%;0.0;R$148,29 M;1003.96;www.intrag.com.br;FII EVEN II;Tijolo: Desenvolvimento;11/08/2020;147701.0;373.0;KEVE11;INTRAG DTVM;1008.2;1000.0;1081.0;1,61%;1.0042232758277223
0,57%;0.55;R$473,33 M;104.41;www.intrag.com.br;FII KINEAFOF;Papel: Fundo de Fundos;17/08/2018;4533315.0;6814.0;KFOF11;INTRAG DTVM;96.38;92.1;120.0;1,65%;0.9230916578871755
1,42%;0.19;R$61,01 M;8.54;www.intrag.com.br;FII EV KINEA;Tijolo: Desenvolvimento;30/11/-0001;7147934.0;377.0;KINP11;INTRAG DTVM;13.45;10.01;19.2;16,96%;1.5749414519906324
0,61%;0.81;R$72,21 M;94.6;www.vortxbr.com;FII KILIMA;Papel: Fundo de Fundos;16/09/2020;763298.0;19071.0;KISU11;Vórtx DTVM LTDA;132.0;101.98;139.99;25,77%;1.3953488372093024
0,35%;0.33;R$3,85 B;98.36;www.intrag.com.br;FII KINEA RI;Papel: CRIs;03/08/2012;39097087.0;67693.0;KNCR11;INTRAG DTVM;93.46;84.41;97.5;1,62%;0.9501830012200081
0,99%;1.12;R$1,09 B;101.96;www.intrag.com.br;FII KINEA HY;Papel: CRIs;20/06/2018;10690843.0;5795.0;KNHY11;INTRAG DTVM;112.63;103.0;118.2;3,33%;1.1046488819144762
0,89%;1.02;R$4,80 B;101.88;www.intrag.com.br;FII KINEA IP;Papel: CRIs;30/11/-0001;47134764.0;52804.0;KNIP11;INTRAG DTVM;114.5;104.0;117.74;5,41%;1.123871221044366
1,34%;0.04;R$46,56 M;2.51;www.intrag.com.br;FII KII REAL;Tijolo: Desenvolvimento;03/10/2011;18547161.0;6823.0;KNRE11;INTRAG DTVM;2.99;2.8;5.15;41,37%;1.1912350597609564
0,46%;0.69;R$3,75 B;155.32;www.intrag.com.br;FII KINEA;Tijolo: Híbrido;07/07/2010;24154995.0;232729.0;KNRI11;INTRAG DTVM;150.29;142.0;172.5;1,25%;0.9676152459438578
0,90%;0.91;R$246,93 M;93.79;www.intrag.com.br;FII KINEA SC;Papel: CRIs;30/11/-0001;2632885.0;13346.0;KNSC11;INTRAG DTVM;100.8;90.1;110.0;2,86%;1.074741443650709
0,52%;0.48;R$259,40 M;103.01;www.vortxbr.com;FII LEGATUS;Tijolo: Shoppings;27/07/2019;2518195.0;132.0;LASC11;Vórtx DTVM LTDA;92.03;80.0;105.0;6,09%;0.8934084069507815
2,55%;3.67;R$3,62 M;29.15;www.oliveiratrust.com.br;FII LATERES;Tijolo: Desenvolvimento;19/11/2012;124104.0;158.0;LATR11B;Oliveira Trust;144.0;144.0;252.0;33,02%;4.939965694682676
0,71%;0.75;R$365,61 M;56.91;www.modal.com.br;FII LOFT II;Tijolo: Desenvolvimento;26/09/2018;6424543.0;361.0;LFTT11;Modal DTVM;105.0;92.0;114.41;5,00%;1.845018450184502
0,59%;0.55;R$270,07 M;98.82;https://www.bancointer.com.br/inter-dtvm/;FII LGCP INT;Tijolo: Galpões;05/09/2019;2732860.0;8218.0;LGCP11;Inter DTVM;93.66;92.25;110.0;6,70%;0.9477838494231937
0,67%;0.2;R$220,12 M;66.66;www.modal.com.br;FII LOFT I ;Tijolo: Desenvolvimento;07/12/2016;3301940.0;473.0;LOFT11B;Modal DTVM;29.9;27.4;107.0;68,85%;0.44854485448544856
0,51%;0.49;R$98,60 M;109.55;https://www.bancointer.com.br/inter-dtvm/;FII LUGGO;Tijolo: Desenvolvimento;23/09/2019;900000.0;4407.0;LUGG11;Inter DTVM;96.19;89.99;112.99;3,62%;0.8780465540848927
0,49%;0.52;R$1,30 B;110.3;www.btgpactual.com;FII VBI LOG;Tijolo: Galpões;11/10/2018;11775177.0;34824.0;LVBI11;BTG Pactual;107.12;105.24;141.2;5,04%;0.9711695376246601
0,46%;0.45;R$794,04 M;105.03;https://www.genialinvestimentos.com.br/;FII MALLS BP;Tijolo: Shoppings;30/11/-0001;7560351.0;83014.0;MALL11;Genial Investimentos Corretora de Valores;97.95;74.05;107.48;20,01%;0.9325906883747501
0,56%;10.28;R$132,90 M;2243.26;www.btgpactual.com;FII MAX RET;Tijolo: Varejo;26/10/2009;59245.0;2806.0;MAXR11;BTG Pactual;1839.9;1726.0;2055.0;1,08%;0.8201902588197534
0,88%;7.15;R$115,90 M;1140.06;www.riobravo.com.br;FII MERC BR;Tijolo: Escritórios;22/06/2011;101664.0;2785.0;MBRF11;Rio Bravo Investimentos;814.45;780.0;1400.0;27,21%;0.7143922249706156
0,67%;0.7;R$885,93 M;99.24;www.btgpactual.com;FII MAUA;Papel: CRIs;30/11/-0001;8927401.0;38469.0;MCCI11;BTG Pactual;103.98;80.0;106.98;19,54%;1.0477629987908101
0,99%;1.0;R$29,08 M;95.92;www.fiduciario.com.br;FII MERITOFA;Híbrido (Tijolo/Papel);22/07/2019;303173.0;3598.0;MFAI11;Planner Trustee DTVM LTDA;101.5;94.88;188.5;3,91%;1.0581734778982486
0,80%;0.97;R$428,90 M;117.95;www.planner.com.br;FII MERITO I;Tijolo: Desenvolvimento;06/09/2012;3636321.0;28938.0;MFII11;Planner Corretora de Valores;120.65;109.0;141.5;6,87%;1.0228910555320052
0,94%;0.95;R$68,74 M;95.48;www.btgpactual.com;FII MOGNO HG;Papel: CRIs;13/07/2020;719925.0;831.0;MGCR11;BTG Pactual;100.98;90.0;106.61;0,98%;1.0576036866359446
0,76%;0.65;R$772,43 M;85.35;www.btgpactual.com;FII MOGNO;Papel: Fundo de Fundos;23/03/2018;9050620.0;51317.0;MGFF11;BTG Pactual;85.3;82.0;100.76;7,78%;0.9994141769185706
0,64%;0.6;R$106,04 M;101.17;www.btgpactual.com;FII MOGNO HT;Tijolo: Hotéis;14/11/2019;1048068.0;248.0;MGHT11;BTG Pactual;94.1;85.0;107.0;10,71%;0.9301176238015221
0,00%;0.0;R$53,31 M;102.52;www.gerafuturo.com.br;FII MINT EDU;Tijolo: Educacional;21/02/2020;520000.0;62.0;MINT11;Brasil Plural S.A. Banco Múltiplo;123.0;97.0;130.0;5,38%;1.1997658993367148
0,61%;0.57;R$229,32 M;98.88;www.btgpactual.com;FII MORE RE;Papel: Fundo de Fundos;20/12/2019;2319115.0;6230.0;MORE11;BTG Pactual;93.06;93.04;116.49;6,94%;0.9411407766990292
0,00%;0.0;R$191,22 M;1173.11;www.oliveiratrust.com.br;FII MULT OF1;Tijolo: Escritórios;18/11/2019;163000.0;3.0;MTOF11;Oliveira Trust;0.0;0.0;0.0;0,00%;0.0
0,76%;0.08;R$2,02 B;10.09;www.btgpactual.com;FII MAXI REN;Papel: CRIs;20/09/2011;200271405.0;356171.0;MXRF11;BTG Pactual;10.49;9.7;11.03;4,80%;1.039643211100099
0,93%;0.93;R$134,16 M;93.04;www.btgpactual.com;FII NCH BRA;Papel: CRIs;25/10/2013;1441970.0;6067.0;NCHB11;BTG Pactual;100.42;85.01;108.8;5,71%;1.0793207222699914
0,86%;0.9;R$137,97 M;110.66;www.gerafuturo.com.br;FII NEWPORT;Tijolo: Galpões;27/07/2018;1246727.0;1042.0;NEWL11;Brasil Plural S.A. Banco Múltiplo;104.49;81.0;109.3;3,20%;0.9442436291342852
0,28%;0.11;R$47,43 M;63.92;www.gerafuturo.com.br;FII NEWRU;Tijolo: Escritórios;20/12/2011;742000.0;1925.0;NEWU11;Brasil Plural S.A. Banco Múltiplo;39.95;37.0;70.0;36,59%;0.625
0,75%;0.98;R$14,70 M;122.95;www.fiduciario.com.br;FII NESTPAR;Papel: CRIs;23/05/2016;119590.0;52.0;NPAR11;Planner Trustee DTVM LTDA;131.55;102.73;149.99;3,58%;1.0699471329808865
0,70%;1.79;R$243,85 M;213.01;www.btgpactual.com;FII LOURDES;Tijolo: Hospital;17/03/2006;1144800.0;7673.0;NSLU11;BTG Pactual;255.98;221.72;299.97;10,34%;1.2017276184216703
0,46%;0.07;R$513,18 M;12.37;https://www.genialinvestimentos.com.br/;FII NOVOHORI;Tijolo: Hospital;18/09/2013;41494533.0;2579.0;NVHO11;Genial Investimentos Corretora de Valores;15.14;10.86;24.07;31,88%;1.2239288601455134
0,00%;0.3;R$58,74 M;174.08;www.modal.com.br;FII NOVA I;Tijolo: Desenvolvimento;12/03/2015;337400.0;7.0;NVIF11B;Modal DTVM;0.0;0.0;0.0;0,00%;0.0
0,46%;0.64;R$146,21 M;160.49;www.riobravo.com.br;FII THE ONE;Tijolo: Escritórios;07/01/2011;911000.0;4427.0;ONEF11;Rio Bravo Investimentos;140.5;138.0;154.98;2,09%;0.8754439528942612
1,06%;1.38;R$42,36 M;146.07;www.fiduciario.com.br;FII OURO PRT;Tijolo: Desenvolvimento;29/04/2016;290000.0;16.0;ORPD11;Planner Trustee DTVM LTDA;129.99;89.0;132.31;19,26%;0.8899157937974944
0,84%;0.7;R$161,75 M;89.15;ourinvest.com.br;FII OURI FOF;Papel: Fundo de Fundos;28/03/2019;1814336.0;7178.0;OUFF11;Banco Ourinvest S.A.;82.94;79.0;105.01;4,67%;0.930342120022434
0,63%;0.65;R$284,44 M;103.77;http://finaxis.com.br/;FII OURI JPP;Papel: CRIs;30/11/2016;2741128.0;24171.0;OUJP11;Finaxis CTVM SA;103.16;97.15;119.89;1,27%;0.9941216151103401
0,70%;0.5;R$232,81 M;93.83;ourinvest.com.br;FII OURILOG;Tijolo: Galpões;23/01/2013;2481284.0;6674.0;OULG11;Banco Ourinvest S.A.;71.14;70.5;104.0;25,04%;0.7581796866673772
0,85%;0.75;R$82,84 M;99.58;ourinvest.com.br;FII OU RENDA;Papel: CRIs;21/09/2017;831837.0;3509.0;OURE11;Banco Ourinvest S.A.;88.0;77.7;97.0;7,32%;0.8837115886724242
1,02%;0.13;R$-5,35 M;0.0;www.brkbdtvm.com.br;FII PANAMBY;Tijolo: Desenvolvimento;14/03/1995;758400.0;445.0;PABY11;BRKB DTVM;12.97;10.26;19.0;13,24%;inf
0,46%;0.31;R$301,12 M;86.59;www.modal.com.br;FII PATRIA;Tijolo: Escritórios;11/01/2018;3477434.0;14088.0;PATC11;Modal DTVM;68.09;65.2;95.8;24,55%;0.786349462986488
0,61%;0.57;R$482,49 M;96.66;www.vortxbr.com;FII PATR LOG;Tijolo: Galpões;15/01/2020;4991535.0;10300.0;PATL11;Vórtx DTVM LTDA;93.64;89.72;100.0;4,30%;0.9687564659631699
0,00%;28.19;R$3,62 B;1331.82;www.brltrust.com.br;FII PROLOGIS;Tijolo: Galpões;05/12/2018;2717172.0;2.0;PBLV11;BRL Trust DTVM;0.0;0.0;0.0;0,00%;0.0
0,00%;0.0;R$55,96 M;101.37;www.brltrust.com.br;FII PERFORMA;Papel: CRIs;30/10/2019;552000.0;37.0;PEMA11;BRL Trust DTVM;100.0;99.99;106.0;0,00%;0.9864851533984413
0,84%;0.8;R$207,87 M;98.56;www.gerafuturo.com.br;FII PLURAL R;Papel: CRIs;31/07/2019;2109169.0;5063.0;PLCR11;Brasil Plural S.A. Banco Múltiplo;95.14;75.25;95.98;16,10%;0.9653003246753247
0,04%;0.04;R$71,72 M;95.63;http://www.bancogenial.com/;FII PLURAL L;Tijolo: Galpões;01/12/2020;750000.0;1513.0;PLOG11;Banco Genial;92.5;85.9;99.98;1,26%;0.967269685245216
0,21%;0.09;R$52,81 M;55.34;www.oliveiratrust.com.br;FII POLO I;Papel: CRIs;01/08/2011;954304.0;807.0;PLRI11;Oliveira Trust;44.03;36.79;47.13;4,01%;0.7956270328876038
0,83%;0.86;R$200,15 M;101.45;www.oliveiratrust.com.br;FII POLO CRI;Papel: CRIs;19/09/2012;1972845.0;8761.0;PORD11;Oliveira Trust;103.5;90.99;105.59;4,86%;1.020206998521439
0,55%;0.36;R$760,76 M;54.37;www.hedgeinvest.com.br;FII PARQ ANH;Tijolo: Galpões;31/03/2011;13991890.0;342.0;PQAG11;Hedge Investments DTVM LTDA;66.0;63.0;72.0;4,76%;1.2139047268714365
0,40%;11.59;R$858,20 M;3598.67;www.btgpactual.com;FII D PEDRO;Tijolo: Shoppings;12/05/2009;238477.0;4174.0;PQDP11;BTG Pactual;2874.99;2670.34;3260.0;0,93%;0.7989034837870657
2,92%;0.02;R$21,80 M;0.42;www.oliveiratrust.com.br;FII PERSONAL;Tijolo: Desenvolvimento;26/07/2011;51699979.0;1150.0;PRSN11B;Oliveira Trust;0.62;0.49;1.29;48,33%;1.4761904761904763
1,12%;1.62;R$46,14 M;236.64;www.hedgeinvest.com.br;FII P VARGAS;Tijolo: Escritórios;31/10/2008;195000.0;1268.0;PRSV11;Hedge Investments DTVM LTDA;145.0;141.4;412.0;58,45%;0.6127450980392157
0,00%;0.0;R$5,08 M;0.09;www.modal.com.br;FII MULTPROP;Tijolo: Shoppings;30/11/-0001;55727500.0;13.0;PRTS11;Banco Modal S.A.;0.0;0.0;0.0;0,00%;0.0
0,52%;0.5;R$937,39 M;96.44;www.btgpactual.com;FII VBI PRI;Tijolo: Escritórios;05/03/2020;9720000.0;28936.0;PVBI11;BTG Pactual;95.91;92.0;100.99;4,37%;0.9945043550394027
0,75%;0.4;R$295,10 M;58.55;www.btgpactual.com;FII QUASAR A;Tijolo: Outros;04/11/2019;5040000.0;16807.0;QAGR11;BTG Pactual;53.82;51.75;93.39;30,82%;0.9192143467122118
0,00%;0.0;R$0,00 ;0.0;http://www.bancogenial.com/;FII QUASAR C;Papel: CRIs;22/02/2021;0.0;0.0;QAMI11;Banco Genial;100.0;99.97;110.0;0,41%;inf
0,71%;0.75;R$14,85 M;98.98;www.brltrust.com.br;FII QUATA;Papel: Fundo de Fundos;07/05/2020;150000.0;157.0;QIFF11;BRL Trust DTVM;105.34;91.0;106.18;5,11%;1.06425540513235
0,99%;0.95;R$126,55 M;100.9;www.caixa.gov.br;FII JHSF FBV;Tijolo: Desenvolvimento;18/09/2012;1254164.0;3121.0;RBBV11;Caixa Econômica Federal;96.0;85.0;101.42;11,61%;0.9514370664023786
0,68%;0.42;R$385,54 M;102.02;www.brltrust.com.br;FII R INCOME;Tijolo: Escritórios;30/11/-0001;3779001.0;3707.0;RBCO11;BRL Trust DTVM;61.45;60.0;93.27;28,51%;0.602332875906685
8,19%;1.84;R$2,85 M;22.51;www.oliveiratrust.com.br;FII RBRESID2;Tijolo: Desenvolvimento;06/08/2010;126523.0;1095.0;RBDS11;Oliveira Trust;22.5;20.0;44.77;47,70%;0.9995557529986672
0,73%;1.03;R$269,15 M;150.59;www.riobravo.com.br;FII RIOB ED;Tijolo: Educacional;20/09/2011;1787281.0;11082.0;RBED11;Rio Bravo Investimentos;141.95;139.96;174.0;5,43%;0.942625672355402
0,73%;0.5;R$274,64 M;73.3;www.brltrust.com.br;FII RIOB FF;Papel: Fundo de Fundos;22/03/2013;3746877.0;17523.0;RBFF11;BRL Trust DTVM;68.5;65.0;75.72;3,67%;0.9345156889495225
0,73%;0.28;R$98,10 M;91.01;www.oliveiratrust.com.br;FII RB GSB I;Tijolo: Shoppings;10/05/2011;1078000.0;3052.0;RBGS11;Oliveira Trust;38.85;36.0;44.14;10,07%;0.42687616745412593
0,84%;0.85;R$61,02 M;101.71;www.brltrust.com.br;FII RB YIELD;Papel: CRIs;30/11/-0001;600000.0;89.0;RBHY11;BRL Trust DTVM;101.0;100.12;107.05;1,46%;0.993019368793629
0,00%;0.0;R$147,87 M;96.74;www.oliveiratrust.com.br;FII RBRES IV;Tijolo: Desenvolvimento;11/10/2019;1528615.0;1150.0;RBIR11;Oliveira Trust;76.6;69.12;90.0;2,15%;0.7918131072979119
0,83%;0.7;R$102,84 M;100.39;www.brltrust.com.br;FII RBCRI IV;Papel: CRIs;17/07/2019;1024362.0;2584.0;RBIV11;BRL Trust DTVM;84.5;71.76;90.0;9,75%;0.8417173025201713
0,28%;0.3;R$70,97 M;110.86;www.btgpactual.com;FII RBCAP LG;Tijolo: Galpões;06/07/2020;640199.0;56.0;RBLG11;BTG Pactual;109.5;108.75;110.0;0,69%;0.9877322749413675
0,04%;0.02;R$131,29 M;70.9;www.vam.com.br;FII RB II;Tijolo: Varejo;13/08/2007;1851786.0;12595.0;RBRD11;Votorantim Asset Management;59.69;58.0;102.52;17,02%;0.8418899858956276
0,64%;0.6;R$1,25 B;91.64;www.btgpactual.com;FII RBRALPHA;Papel: Fundo de Fundos;30/11/-0001;13680770.0;71927.0;RBRF11;BTG Pactual;93.51;89.84;108.0;7,61%;1.02040593627237
0,58%;0.63;R$603,49 M;106.56;www.brltrust.com.br;FII RBR LOG;Tijolo: Galpões;27/11/2019;5663469.0;5211.0;RBRL11;BRL Trust DTVM;108.56;101.0;125.0;7,49%;1.0187687687687688
0,01%;15.5;R$88,21 M;163662.46;www.btgpactual.com;FII RBR DES;Tijolo: Desenvolvimento;04/10/2016;539.0;54.0;RBRM11;BTG Pactual;160000.0;160000.0;160000.0;0,00%;0.9776218688146323
0,57%;0.5;R$747,60 M;87.41;www.brltrust.com.br;FII RBR PROP;Tijolo: Escritórios;30/11/-0001;8552712.0;82252.0;RBRP11;BRL Trust DTVM;88.2;74.1;99.92;14,99%;1.0090378675208787
0,70%;0.7;R$756,87 M;99.09;www.btgpactual.com;FII RBRHGRAD;Papel: CRIs;18/04/2018;7638479.0;68637.0;RBRR11;BTG Pactual;100.61;87.03;103.28;10,20%;1.0153395902714704
0,55%;0.4;R$101,07 M;96.75;www.riobravo.com.br;FII RIOB RR;Tijolo: Desenvolvimento;02/03/2020;1044643.0;1059.0;RBRS11;Rio Bravo Investimentos;73.0;70.0;110.0;30,48%;0.7545219638242894
0,68%;0.7;R$351,03 M;103.33;www.btgpactual.com;FII RBR PCRI;Papel: CRIs;17/04/2018;3397153.0;7288.0;RBRY11;BTG Pactual;103.65;91.19;112.26;5,77%;1.0030968740927126
0,00%;0.0;R$59,54 M;1053.37;www.oliveiratrust.com.br;FII RB TFO;Tijolo: Desenvolvimento;18/01/2018;56525.0;56.0;RBTS11;Oliveira Trust;1000.0;0.0;0.0;0,00%;0.9493340421694183
0,79%;0.85;R$1,32 B;114.25;www.riobravo.com.br;FII RIOB VA;Tijolo: Bancário;28/08/2013;11588199.0;39000.0;RBVA11;Rio Bravo Investimentos;107.6;105.05;149.0;9,81%;0.9417943107221006
0,18%;0.02;R$11,54 M;22.38;www.riobravo.com.br;FII RIOBCRI2;Papel: CRIs;19/06/2012;515824.0;2140.0;RBVO11;Rio Bravo Investimentos;12.96;12.0;26.12;42,40%;0.579088471849866
0,00%;0.0;R$18,32 M;1.57;www.framcapitaldtvm.com;FII GP RCFA ;Tijolo: Desenvolvimento;13/06/2017;11683268.0;2863.0;RCFA11;Fram Capital DTVM SA;0.56;0.53;1.65;63,87%;0.356687898089172
3,16%;3.11;R$32,06 M;99.2;www.brltrust.com.br;FII RBR FEED;Papel: Fundo de Fundos;06/02/2020;323198.0;69.0;RCFF11;BRL Trust DTVM;98.55;81.0;124.79;1,45%;0.9934475806451613
0,53%;0.8;R$727,37 M;197.08;www.riobravo.com.br;FII RIOB RC;Tijolo: Escritórios;23/12/1999;3690695.0;28904.0;RCRB11;Rio Bravo Investimentos;150.8;145.55;193.98;9,18%;0.7651715039577837
1,64%;19.7;R$52,40 M;1027.12;www.oliveiratrust.com.br;FII RB CRI;Papel: CRIs;21/11/2017;51012.0;147.0;RCRI11B;Oliveira Trust;1200.0;1000.0;1200.0;20,00%;1.1683152893527535
0,57%;0.47;R$106,55 M;98.84;www.vam.com.br;FII BB PAPII ;Papel: CRIs;28/12/2017;1078042.0;756.0;RDPD11;Votorantim Asset Management;82.35;76.5;87.9;1,74%;0.8331647106434641
0,94%;1.0;R$1,36 B;95.29;www.brltrust.com.br;FII REC RECE;Papel: CRIs;21/07/2017;14236355.0;66799.0;RECR11;BRL Trust DTVM;106.9;87.5;117.87;17,42%;1.1218385979641095
0,72%;0.6;R$768,36 M;93.94;www.brltrust.com.br;FII REC REND;Indefinido;20/12/2018;8179347.0;68223.0;RECT11;BRL Trust DTVM;83.5;83.29;105.2;8,23%;0.8888652331275282
0,00%;0.0;R$18,95 M;95.65;www.btgpactual.com;FII REC FOF;Papel: Fundo de Fundos;30/11/2020;198151.0;318.0;RECX11;BTG Pactual;91.59;88.0;101.0;9,32%;0.9575535807631992
2,24%;24.53;R$31,67 M;1204.44;;FII REIT RIV;Papel: CRIs;10/03/2014;26291.0;55.0;REIT11;Socopa Sociedade Corretora Paulista;1094.0;920.01;1350.0;8,83%;0.9083059347082462
0,87%;0.86;R$89,58 M;96.19;www.brltrust.com.br;FII REC LOG;Tijolo: Galpões;17/05/2020;931274.0;2317.0;RELG11;BRL Trust DTVM;98.9;95.0;120.0;17,58%;1.0281734067990436
0,73%;0.63;R$100,64 M;93.34;www.brltrust.com.br;FII RB CFOF;Papel: Fundo de Fundos;30/09/2019;1078164.0;3029.0;RFOF11;BRL Trust DTVM;86.85;70.0;93.87;6,56%;0.9304692521962716
1,33%;0.53;R$271,17 M;1109.62;www.monetar.com.br;REAGMULT FII;Tijolo: Escritórios;27/03/2013;244380.0;1151.0;RMAI11;Reag DTVM;40.15;40.05;60.0;28,30%;0.036183558335285956
0,62%;4.2;R$100,96 M;939.35;www.vam.com.br;FII BB R PAP;Papel: CRIs;17/04/2012;107481.0;840.0;RNDP11;Votorantim Asset Management;674.92;650.01;948.89;20,60%;0.7184968329163783
0,63%;0.39;R$270,81 M;101.2;www.riobravo.com.br;FII RIONEGRO;Tijolo: Escritórios;09/05/2012;2676000.0;15622.0;RNGO11;Rio Bravo Investimentos;61.5;60.37;85.0;14,57%;0.6077075098814229
0,74%;0.66;R$46,34 M;96.2;www.brltrust.com.br;FII RBCAP RI;Papel: CRIs;10/07/2013;481757.0;2064.0;RRCI11;BRL Trust DTVM;89.0;88.02;100.9;9,64%;0.9251559251559252
0,00%;0.0;R$102,64 M;1106.26;www.oliveiratrust.com.br;FII RBRESID3;Tijolo: Desenvolvimento;14/12/2017;92778.0;99.0;RSPD11;Oliveira Trust;1310.0;1310.0;1600.0;2,96%;1.1841700865980873
0,77%;0.72;R$136,30 M;94.65;www.brltrust.com.br;FII VBI REIT;Papel: Fundo de Fundos;26/11/2019;1440000.0;10485.0;RVBI11;BRL Trust DTVM;92.98;75.58;98.13;9,65%;0.9823560486001056
0,51%;0.5;R$292,09 M;97.31;www.btgpactual.com;FII RIZA AKN;Papel: CRIs;02/09/2020;3001734.0;6951.0;RZAK11;BTG Pactual;98.0;88.35;104.5;1,99%;1.007090740931045
0,76%;0.8;R$469,22 M;95.81;www.gerafuturo.com.br;FII RIZA TX;Indefinido;28/08/2020;4897328.0;17182.0;RZTR11;Brasil Plural S.A. Banco Múltiplo;105.8;97.0;109.98;5,75%;1.1042688654628952
0,23%;0.19;R$319,48 M;100.46;https://www.s3dtvm.com.br;FII SANT PAP;Papel: CRIs;30/11/-0001;3180207.0;2831.0;SADI11;Santander Caceis Brasil DTVM;83.45;70.0;90.68;4,97%;0.8306788771650409
1,84%;0.66;R$78,49 M;54.9;https://portal.brb.com.br/para-voce/;FII SIA CORP;Tijolo: Escritórios;18/03/2014;1429740.0;54.0;SAIC11B;BRB DTVM;36.05;32.33;50.0;27,17%;0.6566484517304189
0,67%;0.65;R$537,54 M;100.39;https://www.s3dtvm.com.br;FII SANT REN;Indefinido;27/09/0209;5354535.0;5380.0;SARE11;Santander Caceis Brasil DTVM;97.12;79.95;102.99;10,36%;0.9674270345651957
0,04%;0.0;R$52,97 M;12.61;www.brcapital.com.br;FII SCP;Tijolo: Shoppings;03/01/1997;4200000.0;4881.0;SCPF11;BR-CAPITAL;9.16;8.17;10.98;0,77%;0.7264076130055512
0,62%;0.6;R$661,82 M;103.49;www.riobravo.com.br;FII SDI LOG;Tijolo: Galpões;23/08/2012;6395050.0;45381.0;SDIL11;Rio Bravo Investimentos;97.05;86.51;111.98;1,11%;0.9377717653879603
0,73%;0.67;R$155,65 M;105.02;www.vortxbr.com;FII SEQUOIA;Indefinido;31/12/2019;1482052.0;970.0;SEQR11;Vórtx DTVM LTDA;92.14;84.6;102.94;1,82%;0.8773566939630547
0,00%;5.51;R$17,68 M;18.01;www.riobravo.com.br;FII SAO FER;Tijolo: Escritórios;19/06/2008;981472.0;55.0;SFND11;Rio Bravo Investimentos;0.0;0.0;0.0;0,00%;0.0
0,09%;1.06;R$2,13 B;1479.89;www.btgpactual.com;FII SHOP PDP;Tijolo: Shoppings;16/12/2004;1436603.0;3.0;SHDP11B;BTG Pactual;1210.05;0.0;0.0;0,00%;0.8176621235362087
0,00%;0.0;R$89,59 M;60.48;www.modal.com.br;FII MULTSHOP;Tijolo: Shoppings;16/07/2015;1481266.0;11.0;SHOP11;Banco Modal S.A.;0.0;0.0;0.0;0,00%;0.0
0,20%;1.63;R$499,66 M;820.53;www.riobravo.com.br;FII HIGIENOP;Tijolo: Shoppings;07/12/1999;608950.0;3149.0;SHPH11;Rio Bravo Investimentos;834.94;772.82;980.0;1,42%;1.017561819799398
0,00%;0.0;R$793,30 M;21990.83;www.vortxbr.com;FII SJ AU;Tijolo: Galpões;12/06/2017;36074.0;107.0;SJAU11;Vórtx DTVM LTDA;25400.0;25300.0;29000.0;12,41%;1.1550268907540095
0,00%;0.0;R$0,00 ;0.0;www.btgpactual.com;FII SUNOFOFI;Papel: Fundo de Fundos;30/11/-0001;0.0;0.0;SNFF11;BTG Pactual;0.0;0.0;0.0;0,00%;
6,36%;76.33;R$64,15 M;1020.21;www.brltrust.com.br;FII SOLARIUM;Tijolo: Outros;07/10/2016;62883.0;32.0;SOLR11;BRL Trust DTVM;1200.0;1015.36;1200.0;18,18%;1.1762284235598552
0,00%;2.37;R$11,31 M;1003.66;www.gerafuturo.com.br;FII SPA;Tijolo: Shoppings;18/06/2016;11270.0;1.0;SPAF11;Brasil Plural S.A. Banco Múltiplo;0.0;0.0;0.0;0,00%;0.0
8,18%;5.15;R$93,35 M;51.92;https://www.genialinvestimentos.com.br/;FII SP DOWNT;Tijolo: Escritórios;18/04/2013;1798000.0;17378.0;SPTW11;Genial Investimentos Corretora de Valores;62.95;52.02;91.99;16,88%;1.212442218798151
0,39%;62.13;R$312,94 M;20348.64;www.oliveiratrust.com.br;FII STARX;Tijolo: Desenvolvimento;22/09/2010;15379.0;53.0;STRX11;Oliveira Trust;15816.0;0.0;0.0;0,00%;0.7772509612436016
0,08%;0.09;R$1,61 M;0.16;www.btgpactual.com;FII TBOFFICE;Tijolo: Escritórios;28/12/2012;10050000.0;9158.0;TBOF11;BTG Pactual;101.5;0.0;0.0;0,00%;634.375
0,00%;0.0;R$62,74 M;89.21;www.singulare.com.br;FII TOUR V;Tijolo: Escritórios;30/10/2021;703198.0;108.0;TCIN11;Singulare CTVM;100.0;100.0;117.17;6,44%;1.1209505660800358
0,00%;1.8;R$32,49 M;109.28;www.brcapital.com.br;FII TREECORP;Indefinido;03/03/2017;297327.0;52.0;TCPF11;BR-CAPITAL;0.0;0.0;0.0;0,00%;0.0
0,56%;0.45;R$400,24 M;94.8;www.brltrust.com.br;FII TEL PROP;Tijolo: Escritórios;12/12/2016;4221967.0;7617.0;TEPP11;BRL Trust DTVM;79.84;79.19;99.77;10,09%;0.8421940928270043
0,93%;1.3;R$952,03 M;128.68;www.vortxbr.com;FII TG ATIVO;Tijolo: Desenvolvimento;09/12/2016;7398582.0;58726.0;TGAR11;Vórtx DTVM LTDA;140.49;101.02;144.99;30,65%;1.0917780540876594
0,24%;0.32;R$167,94 M;114.03;www.btgpactual.com;FII BM THERA;Tijolo: Escritórios;11/08/2011;1472728.0;2307.0;THRA11;BTG Pactual;134.5;125.0;147.9;3,26%;1.1795141629395773
0,55%;0.06;R$139,14 M;10.27;www.vortxbr.com;FII TORDE EI;Indefinido;28/08/2019;13546236.0;45255.0;TORD11;Vórtx DTVM LTDA;10.9;8.65;13.4;9,00%;1.0613437195715678
0,00%;1.45;R$21,60 M;2160.39;www.vortxbr.com;FII TOURMALE;Tijolo: Desenvolvimento;05/10/2016;10000.0;252.0;TORM13;Vórtx DTVM LTDA;0.0;0.0;0.0;0,00%;0.0
1,60%;2.08;R$4,61 M;461.23;www.vortxbr.com;FII TOUR II;Tijolo: Desenvolvimento;26/07/2018;10000.0;252.0;TOUR11;Vórtx DTVM LTDA;130.01;105.0;170.0;20,46%;0.2818767209418294
0,21%;0.31;R$816,25 M;207.4;www.btgpactual.com;FII TORRE NO;Tijolo: Escritórios;10/08/2001;3935562.0;677.0;TRNT11;BTG Pactual;146.11;144.01;205.0;26,95%;0.7044840887174543
0,68%;0.8;R$270,37 M;108.09;www.brltrust.com.br;FII TRX R II;Tijolo: Desenvolvimento;06/03/2020;2501419.0;114.0;TRXB11;BRL Trust DTVM;118.1;102.05;130.0;7,36%;1.0926080118419834
0,66%;0.7;R$595,93 M;105.63;www.brltrust.com.br;FII TRX REAL;Tijolo: Outros;01/09/2017;5641522.0;21768.0;TRXF11;BRL Trust DTVM;106.1;92.6;114.94;12,28%;1.0044494935150998
0,00%;35.1;R$98,69 M;5448.32;www.btgpactual.com;FII TRANSINC;Tijolo: Outros;14/08/2013;18113.0;66.0;TSNC11;BTG Pactual;0.0;0.0;0.0;0,00%;0.0
2,22%;2.87;R$74,48 M;98.68;www.vortxbr.com;FII URCA REN;Tijolo: Desenvolvimento;03/12/2019;754740.0;5490.0;URPR11;Vórtx DTVM LTDA;129.0;107.01;146.48;12,47%;1.3072557762464532
0,58%;0.6;R$1,14 B;98.36;www.intrag.com.br;FII VECTIS;Papel: CRIs;29/07/2019;11603880.0;6598.0;VCJR11;INTRAG DTVM;103.3;88.0;114.99;4,87%;1.0502236681577877
0,79%;2.04;R$172,13 M;312.91;www.vam.com.br;FII VEREDA;Tijolo: Galpões;31/05/2007;550084.0;50.0;VERE11;Votorantim Asset Management;257.0;0.0;0.0;0,00%;0.8213224249784282
0,71%;0.07;R$160,15 M;9.72;https://www.daycoval.com.br/Asset/?lang=ptbr;FII VALOR HE;Papel: Híbrido;28/09/2020;16470910.0;2557.0;VGHF11;Banco Daycoval S.A.;9.8;9.1;10.79;2,49%;1.008230452674897
0,82%;0.85;R$332,56 M;95.17;www.btgpactual.com;FII VALORAIP;Papel: CRIs;03/01/2020;3494234.0;23740.0;VGIP11;BTG Pactual;104.2;82.16;117.77;23,34%;1.0948828412314806
0,53%;0.5;R$435,74 M;96.69;www.btgpactual.com;FII VALREIII;Papel: CRIs;13/03/2018;4506414.0;23245.0;VGIR11;BTG Pactual;93.99;78.0;97.3;13,08%;0.9720757058641017
0,69%;0.6;R$280,60 M;99.77;www.brltrust.com.br;FII VINCI IF;Papel: Fundo de Fundos;19/10/2018;2812340.0;4137.0;VIFI11;BRL Trust DTVM;86.93;85.99;109.13;14,36%;0.8713039991981558
0,38%;0.45;R$1,72 B;114.38;www.brltrust.com.br;FII VINCILOG;Tijolo: Galpões;24/05/2016;14997396.0;128514.0;VILG11;BRL Trust DTVM;117.5;104.9;134.99;5,00%;1.0272774960657458
0,74%;0.45;R$764,67 M;60.33;www.brltrust.com.br;FII VINC COR;Tijolo: Escritórios;10/07/2019;12673868.0;70687.0;VINO11;BRL Trust DTVM;60.6;49.36;65.0;17,10%;1.0044753853804078
0,17%;0.18;R$1,71 B;119.59;www.brltrust.com.br;FII VINCI SC;Tijolo: Shoppings;07/06/2013;14270995.0;190766.0;VISC11;BRL Trust DTVM;108.0;90.21;118.88;6,94%;0.9030855422694205
0,00%;18.24;R$46,93 M;795.54;www.planner.com.br;FII VQ LAJES;Tijolo: Escritórios;16/06/2011;58997.0;12.0;VLJS11;Planner Corretora de Valores;0.0;0.0;0.0;0,00%;0.0
0,45%;0.46;R$172,90 M;96.87;www.oliveiratrust.com.br;FII OLIMPIA;Tijolo: Escritórios;26/03/2012;1784828.0;5026.0;VLOL11;Oliveira Trust;102.0;98.03;113.5;0,97%;1.0529575720037163
0,53%;0.44;R$81,93 M;98.96;www.vam.com.br;FII V MASTER;Papel: CRIs;13/07/2018;827913.0;321.0;VOTS11;Votorantim Asset Management;83.0;71.0;88.0;3,11%;0.8387227162489895
0,00%;0.01;R$147,13 M;18.23;www.vam.com.br;FII POLO SHO;Tijolo: Shoppings;12/01/2012;8071897.0;57.0;VPSI11;Votorantim Asset Management;0.0;0.0;0.0;0,00%;0.0
0,78%;0.9;R$1,00 B;100.23;www.bancofator.com.br;FII FATOR VE;Papel: CRIs;02/03/2010;10000000.0;89070.0;VRTA11;Banco Fator;114.9;102.62;119.0;1,35%;1.1463633642621969
0,08%;0.08;R$801,87 M;97.72;www.vam.com.br;FII VOT SEC;Papel: CRIs;14/01/2010;8205850.0;627.0;VSEC11;Votorantim Asset Management;97.48;62.0;98.0;2,23%;0.9975440032746623
0,14%;0.1;R$210,92 M;100.5;www.vam.com.br;FII VOT SHOP;Tijolo: Shoppings;17/07/2018;2098800.0;1816.0;VSHO11;Votorantim Asset Management;70.55;68.0;97.45;13,12%;0.7019900497512438
1,00%;0.12;R$118,96 M;9.91;www.vortxbr.com;FII VERS CRI;Papel: CRIs;04/12/2020;12000000.0;197.0;VSLH11;Vórtx DTVM LTDA;11.96;11.89;13.0;6,49%;1.20686175580222
0,68%;0.75;R$216,13 M;102.19;www.vam.com.br;FII VOT LOG ;Tijolo: Galpões;16/11/2017;2115000.0;5381.0;VTLT11;Votorantim Asset Management;111.24;101.0;120.0;5,94%;1.0885605245131618
0,63%;0.63;R$231,09 M;100.22;www.btgpactual.com;FII V2 PROP;Tijolo: Escritórios;30/11/-0001;2305771.0;990.0;VVPR11;BTG Pactual;99.9;89.0;106.5;5,94%;0.9968070245459989
0,00%;10.76;R$72,10 M;1386.62;www.vortxbr.com;FII VX XVI;Tijolo: Outros;27/06/2019;52000.0;4.0;VXXV11;Vórtx DTVM LTDA;0.0;0.0;0.0;0,00%;0.0
0,16%;0.1;R$107,16 M;104.98;www.hedgeinvest.com.br;FII W PLAZA;Tijolo: Shoppings;10/01/2008;1020747.0;1984.0;WPLZ11;Hedge Investments DTVM LTDA;63.99;61.54;84.0;21,39%;0.609544675176224
0,33%;0.17;R$79,15 M;79.74;ourinvest.com.br;FII WTC SP;Tijolo: Híbrido;13/10/2017;992565.0;207.0;WTSP11B;Banco Ourinvest S.A.;49.7;40.1;63.07;0,60%;0.6232756458490094
0,91%;0.9;R$637,44 M;97.07;www.vortxbr.com;FII XP CRED;Papel: CRIs;31/07/2019;6567011.0;19805.0;XPCI11;Vórtx DTVM LTDA;98.69;74.99;99.96;20,47%;1.016688987328732
0,93%;0.38;R$175,88 M;72.84;www.riobravo.com.br;FII XP MACAE;Tijolo: Escritórios;08/01/2013;2414570.0;32729.0;XPCM11;Rio Bravo Investimentos;40.65;38.06;63.3;23,59%;0.5580724876441515
0,40%;0.34;R$331,03 M;87.01;www.genialinvestimentos.com.br;FII XP HOT;Tijolo: Hotéis;19/04/2016;3804642.0;1617.0;XPHT11;Genial Investimentos Corretora de Valores Mobiliários S.A.;85.2;79.01;99.99;3,29%;0.9791977933570853
0,57%;0.62;R$729,73 M;110.79;www.vortxbr.com;FII XP INDL;Tijolo: Galpões;21/05/2018;6586568.0;52485.0;XPIN11;Vórtx DTVM LTDA;108.5;101.9;121.18;1,49%;0.9793302644643018
0,51%;0.59;R$3,00 B;110.76;www.vortxbr.com;FII XP LOG;Tijolo: Galpões;29/05/2018;27101061.0;256069.0;XPLG11;Vórtx DTVM LTDA;114.59;104.3;136.67;7,02%;1.0345792704947634
0,14%;0.15;R$2,01 B;110.2;www.btgpactual.com;FII XP MALLS;Tijolo: Shoppings;04/10/2017;18207683.0;254134.0;XPML11;BTG Pactual;106.75;82.0;120.0;8,75%;0.9686932849364791
0,72%;0.48;R$638,12 M;87.22;www.vortxbr.com;FII XP PROP;Tijolo: Escritórios;20/09/2019;7316171.0;37663.0;XPPR11;Vórtx DTVM LTDA;66.98;66.46;99.94;13,63%;0.7679431323091035
0,74%;0.73;R$424,73 M;98.09;;FII XP SELEC;Papel: Fundo de Fundos;02/07/2019;4330214.0;16085.0;XPSF11;XP Investimentos;97.99;81.01;99.89;11,04%;0.9989805280864511
4,75%;0.32;R$25,44 M;14.19;www.btgpactual.com;FII TRXE COR;Tijolo: Escritórios;19/09/2012;1792557.0;5310.0;XTED11;BTG Pactual;6.81;6.58;10.1;8,22%;0.4799154334038055
